Mutated_PDB,Mutation INFO,Possible Wilds
1G1G_A,C_214_A,8g65_A
1G1G_A,C_214_A,8g69_A
1G1H_A,C_214_A,8g65_A
1G1H_A,C_214_A,8g69_A
1L02_A,T_156_A,2lzm_A
1L02_A,T_156_A,1lyd_A
1L02_A,T_156_A,3lzm_A
1L03_A,T_156_C,2lzm_A
1L03_A,T_156_C,1lyd_A
1L03_A,T_156_C,3lzm_A
1L04_A,T_156_D,2lzm_A
1L04_A,T_156_D,1lyd_A
1L04_A,T_156_D,3lzm_A
1L05_A,T_156_D,2lzm_A
1L05_A,T_156_D,1lyd_A
1L05_A,T_156_D,3lzm_A
1L06_A,T_156_E,2lzm_A
1L06_A,T_156_E,1lyd_A
1L06_A,T_156_E,3lzm_A
1L07_A,T_156_F,2lzm_A
1L07_A,T_156_F,1lyd_A
1L07_A,T_156_F,3lzm_A
1L08_A,T_156_G,2lzm_A
1L08_A,T_156_G,1lyd_A
1L08_A,T_156_G,3lzm_A
1L09_A,T_156_H,2lzm_A
1L09_A,T_156_H,1lyd_A
1L09_A,T_156_H,3lzm_A
1L11_A,T_156_L,2lzm_A
1L11_A,T_156_L,1lyd_A
1L11_A,T_156_L,3lzm_A
1L12_A,T_156_N,2lzm_A
1L12_A,T_156_N,1lyd_A
1L12_A,T_156_N,3lzm_A
1L13_A,T_156_R,2lzm_A
1L13_A,T_156_R,1lyd_A
1L13_A,T_156_R,3lzm_A
1L14_A,T_156_S,2lzm_A
1L14_A,T_156_S,1lyd_A
1L14_A,T_156_S,3lzm_A
1L15_A,T_156_V,2lzm_A
1L15_A,T_156_V,1lyd_A
1L15_A,T_156_V,3lzm_A
1L16_A,G_155_D,2lzm_A
1L16_A,G_155_D,1lyd_A
1L16_A,G_155_D,3lzm_A
1L17_A,I_2_V,2lzm_A
1L17_A,I_2_V,1lyd_A
1L17_A,I_2_V,3lzm_A
1L18_A,I_2_Y,2lzm_A
1L18_A,I_2_Y,1lyd_A
1L18_A,I_2_Y,3lzm_A
1L19_A,S_37_D,2lzm_A
1L19_A,S_37_D,1lyd_A
1L19_A,S_37_D,3lzm_A
1L20_A,N_143_D,2lzm_A
1L20_A,N_143_D,1lyd_A
1L20_A,N_143_D,3lzm_A
1L22_A,K_123_G,2lzm_A
1L22_A,K_123_G,1lyd_A
1L22_A,K_123_G,3lzm_A
1L23_A,G_76_A,2lzm_A
1L23_A,G_76_A,1lyd_A
1L23_A,G_76_A,3lzm_A
1L24_A,A_81_P,2lzm_A
1L24_A,A_81_P,1lyd_A
1L24_A,A_81_P,3lzm_A
1L25_A,P_85_A,2lzm_A
1L25_A,P_85_A,1lyd_A
1L25_A,P_85_A,3lzm_A
1L26_A,P_85_C,2lzm_A
1L26_A,P_85_C,1lyd_A
1L26_A,P_85_C,3lzm_A
1L27_A,P_85_D,2lzm_A
1L27_A,P_85_D,1lyd_A
1L27_A,P_85_D,3lzm_A
1L28_A,P_85_G,2lzm_A
1L28_A,P_85_G,1lyd_A
1L28_A,P_85_G,3lzm_A
1L29_A,P_85_H,2lzm_A
1L29_A,P_85_H,1lyd_A
1L29_A,P_85_H,3lzm_A
1L30_A,P_85_L,2lzm_A
1L30_A,P_85_L,1lyd_A
1L30_A,P_85_L,3lzm_A
1L31_A,P_85_R,2lzm_A
1L31_A,P_85_R,1lyd_A
1L31_A,P_85_R,3lzm_A
1L32_A,P_85_S,2lzm_A
1L32_A,P_85_S,1lyd_A
1L32_A,P_85_S,3lzm_A
1L33_A,V_130_A,2lzm_A
1L33_A,V_130_A,1lyd_A
1L33_A,V_130_A,3lzm_A
1L34_A,R_95_H,2lzm_A
1L34_A,R_95_H,1lyd_A
1L34_A,R_95_H,3lzm_A
1L37_A,T_114_E,2lzm_A
1L37_A,T_114_E,1lyd_A
1L37_A,T_114_E,3lzm_A
1L38_A,Q_122_E,2lzm_A
1L38_A,Q_122_E,1lyd_A
1L38_A,Q_122_E,3lzm_A
1L42_A,K_15_E,2lzm_A
1L42_A,K_15_E,1lyd_A
1L42_A,K_15_E,3lzm_A
1L43_A,K_15_E,2lzm_A
1L43_A,K_15_E,1lyd_A
1L43_A,K_15_E,3lzm_A
1L44_A,R_118_E,2lzm_A
1L44_A,R_118_E,1lyd_A
1L44_A,R_118_E,3lzm_A
1L45_A,K_134_E,2lzm_A
1L45_A,K_134_E,1lyd_A
1L45_A,K_134_E,3lzm_A
1L46_A,K_146_E,2lzm_A
1L46_A,K_146_E,1lyd_A
1L46_A,K_146_E,3lzm_A
1L47_A,R_153_E,2lzm_A
1L47_A,R_153_E,1lyd_A
1L47_A,R_153_E,3lzm_A
1L48_A,A_97_V,2lzm_A
1L48_A,A_97_V,1lyd_A
1L48_A,A_97_V,3lzm_A
1L52_A,T_151_S,2lzm_A
1L52_A,T_151_S,1lyd_A
1L52_A,T_151_S,3lzm_A
1L53_A,V_148_C,2lzm_A
1L53_A,V_148_C,1lyd_A
1L53_A,V_148_C,3lzm_A
1LOU_A,L_29_A,1eg0_C
2JQX_A,S_1_A,7yqm_A
3FQY_A,C_111_D,3uge_B
3FQY_A,C_111_D,3uge_C
3FQY_A,C_111_D,3uge_D
3FQY_A,C_111_D,1e65_A
3FQY_A,C_111_D,1e65_B
3FQY_A,C_111_D,1e65_C
3FQY_A,C_111_D,4hz1_D
3FQY_A,C_111_D,1e65_D
3FQY_A,C_111_D,1vlx_A
3FQY_A,C_111_D,1e67_A
3FQY_A,C_111_D,1vlx_B
3FQY_A,C_111_D,1e67_B
3FQY_A,C_111_D,1vlx_C
3FQY_A,C_111_D,1e67_C
3FQY_A,C_111_D,1vlx_D
3FQY_A,C_111_D,1e67_D
3FQY_A,C_111_D,4azu_A
3FQY_A,C_111_D,4azu_B
3FQY_A,C_111_D,4azu_C
3FQY_A,C_111_D,4jkn_A
3FQY_A,C_111_D,4azu_D
3FQY_A,C_111_D,4jkn_B
3FQY_A,C_111_D,1jze_A
3FQY_A,C_111_D,4jkn_C
3FQY_A,C_111_D,1jzf_A
3FQY_A,C_111_D,4jkn_D
3FQY_A,C_111_D,1jzg_A
3FQY_A,C_111_D,1jzh_A
3FQY_A,C_111_D,1bex_A
3FQY_A,C_111_D,1jzi_A
3FQY_A,C_111_D,1bex_B
3FQY_A,C_111_D,1e5y_A
3FQY_A,C_111_D,1jzi_B
3FQY_A,C_111_D,1e5y_B
3FQY_A,C_111_D,1jzj_A
3FQY_A,C_111_D,1e5y_C
3FQY_A,C_111_D,1jzj_B
3FQY_A,C_111_D,1e5y_D
3FQY_A,C_111_D,5azu_A
3FQY_A,C_111_D,1e5z_A
3FQY_A,C_111_D,5azu_B
3FQY_A,C_111_D,1e5z_B
3FQY_A,C_111_D,5azu_C
3FQY_A,C_111_D,1e5z_C
3FQY_A,C_111_D,5azu_D
3FQY_A,C_111_D,1e5z_D
3FQY_A,C_111_D,6gyi_C
3FQY_A,C_111_D,3uge_A
3FT2_A,A_244_V,1eey_A
3FT2_A,A_244_V,1hhg_D
3FT2_A,A_244_V,1i7u_D
3FT2_A,A_244_V,1t22_A
3FT2_A,A_244_V,3mgt_A
3FT2_A,A_244_V,3v5h_D
3FT2_A,A_244_V,1eey_D
3FT2_A,A_244_V,3h9s_A
3FT2_A,A_244_V,3mgt_D
3FT2_A,A_244_V,3myj_A
3FT2_A,A_244_V,3o3b_A
3FT2_A,A_244_V,3pwp_A
3FT2_A,A_244_V,3qdg_A
3FT2_A,A_244_V,6nca_A
3FT2_A,A_244_V,7u21_A
3FT2_A,A_244_V,3mgt_G
3FT2_A,A_244_V,3myj_D
3FT2_A,A_244_V,3o3b_D
3FT2_A,A_244_V,3utt_A
3FT2_A,A_244_V,6nca_B
3FT2_A,A_244_V,6ptb_A
3FT2_A,A_244_V,7u21_D
3FT2_A,A_244_V,2git_A
3FT2_A,A_244_V,3bh9_A
3FT2_A,A_244_V,3mgt_J
3FT2_A,A_244_V,3utt_F
3FT2_A,A_244_V,3v5k_A
3FT2_A,A_244_V,6nca_C
3FT2_A,A_244_V,6ptb_D
3FT2_A,A_244_V,6vm9_A
3FT2_A,A_244_V,2git_D
3FT2_A,A_244_V,2x4r_A
3FT2_A,A_244_V,3v5k_D
3FT2_A,A_244_V,6nca_D
3FT2_A,A_244_V,7rm4_A
3FT2_A,A_244_V,1hhh_A
3FT2_A,A_244_V,2x4r_D
3FT2_A,A_244_V,3hpj_A
3FT2_A,A_244_V,6nca_E
3FT2_A,A_244_V,6opd_A
3FT2_A,A_244_V,7rm4_F
3FT2_A,A_244_V,1eez_A
3FT2_A,A_244_V,2clr_A
3FT2_A,A_244_V,3fqt_A
3FT2_A,A_244_V,3hpj_D
3FT2_A,A_244_V,6nca_F
3FT2_A,A_244_V,6uz1_A
3FT2_A,A_244_V,7rm4_K
3FT2_A,A_244_V,1eez_D
3FT2_A,A_244_V,2clr_D
3FT2_A,A_244_V,3d3v_A
3FT2_A,A_244_V,3h7b_A
3FT2_A,A_244_V,3qdj_A
3FT2_A,A_244_V,6nca_G
3FT2_A,A_244_V,6uz1_F
3FT2_A,A_244_V,7rm4_P
3FT2_A,A_244_V,1hhi_A
3FT2_A,A_244_V,1qr1_A
3FT2_A,A_244_V,2guo_A
3FT2_A,A_244_V,3h7b_D
3FT2_A,A_244_V,3i6g_A
3FT2_A,A_244_V,6am5_A
3FT2_A,A_244_V,6nca_H
3FT2_A,A_244_V,6vma_A
3FT2_A,A_244_V,1hhi_D
3FT2_A,A_244_V,1i1f_A
3FT2_A,A_244_V,1i1y_A
3FT2_A,A_244_V,1qr1_D
3FT2_A,A_244_V,2guo_D
3FT2_A,A_244_V,3fqu_A
3FT2_A,A_244_V,3i6g_D
3FT2_A,A_244_V,3v5d_A
3FT2_A,A_244_V,5yxn_C
3FT2_A,A_244_V,6nca_S
3FT2_A,A_244_V,6pte_A
3FT2_A,A_244_V,6vmc_A
3FT2_A,A_244_V,1duy_A
3FT2_A,A_244_V,1i1f_D
3FT2_A,A_244_V,1i1y_D
3FT2_A,A_244_V,1s8d_A
3FT2_A,A_244_V,2x4s_A
3FT2_A,A_244_V,3v5d_D
3FT2_A,A_244_V,6nca_J
3FT2_A,A_244_V,6pte_E
3FT2_A,A_244_V,1duy_D
3FT2_A,A_244_V,1lp9_A
3FT2_A,A_244_V,1tvh_A
3FT2_A,A_244_V,6pte_H
3FT2_A,A_244_V,1tvh_D
3FT2_A,A_244_V,2f53_A
3FT2_A,A_244_V,2x4n_A
3FT2_A,A_244_V,3to2_A
3FT2_A,A_244_V,6pte_K
3FT2_A,A_244_V,2x4n_D
3FT2_A,A_244_V,2gtw_A
3FT2_A,A_244_V,3qfj_A
3FT2_A,A_244_V,2gtw_D
3FT2_A,A_244_V,1duz_A
3FT2_A,A_244_V,1duz_D
3FT2_A,A_244_V,3kla_A
3FT2_A,A_244_V,4e5x_A
3FT2_A,A_244_V,2x4o_A
3FT2_A,A_244_V,3kla_D
3FT2_A,A_244_V,4e5x_D
3FT2_A,A_244_V,2x4o_D
3FT2_A,A_244_V,2x70_A
3FT2_A,A_244_V,3qdm_A
3FT2_A,A_244_V,8eb2_A
3FT2_A,A_244_V,2x70_D
3FT2_A,A_244_V,1qew_A
3FT2_A,A_244_V,8eb2_G
3FT2_A,A_244_V,4jfo_A
3FT2_A,A_244_V,2gtz_A
3FT2_A,A_244_V,2x4p_A
3FT2_A,A_244_V,4jfo_D
3FT2_A,A_244_V,2gtz_D
3FT2_A,A_244_V,2x4p_D
3FT2_A,A_244_V,5e00_A
3FT2_A,A_244_V,1b0g_A
3FT2_A,A_244_V,4wj5_A
3FT2_A,A_244_V,5tez_A
3FT2_A,A_244_V,1b0g_D
3FT2_A,A_244_V,3o3a_A
3FT2_A,A_244_V,4wj5_D
3FT2_A,A_244_V,5c0b_A
3FT2_A,A_244_V,5isz_A
3FT2_A,A_244_V,6vm7_A
3FT2_A,A_244_V,3fqn_A
3FT2_A,A_244_V,3o3a_D
3FT2_A,A_244_V,5c0b_F
3FT2_A,A_244_V,2gj6_A
3FT2_A,A_244_V,1i4f_A
3FT2_A,A_244_V,2x4q_A
3FT2_A,A_244_V,4k7f_D
3FT2_A,A_244_V,4no5_A
3FT2_A,A_244_V,6vm8_A
3FT2_A,A_244_V,1hhg_A
3FT2_A,A_244_V,2x4q_D
3FT3_A,A_244_V,1eey_A
3FT3_A,A_244_V,1hhg_D
3FT3_A,A_244_V,1i7u_D
3FT3_A,A_244_V,1t22_A
3FT3_A,A_244_V,3mgt_A
3FT3_A,A_244_V,3v5h_D
3FT3_A,A_244_V,1eey_D
3FT3_A,A_244_V,3h9s_A
3FT3_A,A_244_V,3mgt_D
3FT3_A,A_244_V,3myj_A
3FT3_A,A_244_V,3o3b_A
3FT3_A,A_244_V,3pwp_A
3FT3_A,A_244_V,3qdg_A
3FT3_A,A_244_V,6nca_A
3FT3_A,A_244_V,7u21_A
3FT3_A,A_244_V,3mgt_G
3FT3_A,A_244_V,3myj_D
3FT3_A,A_244_V,3o3b_D
3FT3_A,A_244_V,3utt_A
3FT3_A,A_244_V,6nca_B
3FT3_A,A_244_V,6ptb_A
3FT3_A,A_244_V,7u21_D
3FT3_A,A_244_V,2git_A
3FT3_A,A_244_V,3bh9_A
3FT3_A,A_244_V,3mgt_J
3FT3_A,A_244_V,3utt_F
3FT3_A,A_244_V,3v5k_A
3FT3_A,A_244_V,6nca_C
3FT3_A,A_244_V,6ptb_D
3FT3_A,A_244_V,6vm9_A
3FT3_A,A_244_V,2git_D
3FT3_A,A_244_V,2x4r_A
3FT3_A,A_244_V,3v5k_D
3FT3_A,A_244_V,6nca_D
3FT3_A,A_244_V,7rm4_A
3FT3_A,A_244_V,1hhh_A
3FT3_A,A_244_V,2x4r_D
3FT3_A,A_244_V,3hpj_A
3FT3_A,A_244_V,6nca_E
3FT3_A,A_244_V,6opd_A
3FT3_A,A_244_V,7rm4_F
3FT3_A,A_244_V,1eez_A
3FT3_A,A_244_V,2clr_A
3FT3_A,A_244_V,3fqt_A
3FT3_A,A_244_V,3hpj_D
3FT3_A,A_244_V,6nca_F
3FT3_A,A_244_V,6uz1_A
3FT3_A,A_244_V,7rm4_K
3FT3_A,A_244_V,1eez_D
3FT3_A,A_244_V,2clr_D
3FT3_A,A_244_V,3d3v_A
3FT3_A,A_244_V,3h7b_A
3FT3_A,A_244_V,3qdj_A
3FT3_A,A_244_V,6nca_G
3FT3_A,A_244_V,6uz1_F
3FT3_A,A_244_V,7rm4_P
3FT3_A,A_244_V,1hhi_A
3FT3_A,A_244_V,1qr1_A
3FT3_A,A_244_V,2guo_A
3FT3_A,A_244_V,3h7b_D
3FT3_A,A_244_V,3i6g_A
3FT3_A,A_244_V,6am5_A
3FT3_A,A_244_V,6nca_H
3FT3_A,A_244_V,6vma_A
3FT3_A,A_244_V,1hhi_D
3FT3_A,A_244_V,1i1f_A
3FT3_A,A_244_V,1i1y_A
3FT3_A,A_244_V,1qr1_D
3FT3_A,A_244_V,2guo_D
3FT3_A,A_244_V,3fqu_A
3FT3_A,A_244_V,3i6g_D
3FT3_A,A_244_V,3v5d_A
3FT3_A,A_244_V,5yxn_C
3FT3_A,A_244_V,6nca_S
3FT3_A,A_244_V,6pte_A
3FT3_A,A_244_V,6vmc_A
3FT3_A,A_244_V,1duy_A
3FT3_A,A_244_V,1i1f_D
3FT3_A,A_244_V,1i1y_D
3FT3_A,A_244_V,1s8d_A
3FT3_A,A_244_V,2x4s_A
3FT3_A,A_244_V,3v5d_D
3FT3_A,A_244_V,6nca_J
3FT3_A,A_244_V,6pte_E
3FT3_A,A_244_V,1duy_D
3FT3_A,A_244_V,1lp9_A
3FT3_A,A_244_V,1tvh_A
3FT3_A,A_244_V,6pte_H
3FT3_A,A_244_V,1tvh_D
3FT3_A,A_244_V,2f53_A
3FT3_A,A_244_V,2x4n_A
3FT3_A,A_244_V,3to2_A
3FT3_A,A_244_V,6pte_K
3FT3_A,A_244_V,2x4n_D
3FT3_A,A_244_V,2gtw_A
3FT3_A,A_244_V,3qfj_A
3FT3_A,A_244_V,2gtw_D
3FT3_A,A_244_V,1duz_A
3FT3_A,A_244_V,1duz_D
3FT3_A,A_244_V,3kla_A
3FT3_A,A_244_V,4e5x_A
3FT3_A,A_244_V,2x4o_A
3FT3_A,A_244_V,3kla_D
3FT3_A,A_244_V,4e5x_D
3FT3_A,A_244_V,2x4o_D
3FT3_A,A_244_V,2x70_A
3FT3_A,A_244_V,3qdm_A
3FT3_A,A_244_V,8eb2_A
3FT3_A,A_244_V,2x70_D
3FT3_A,A_244_V,1qew_A
3FT3_A,A_244_V,8eb2_G
3FT3_A,A_244_V,4jfo_A
3FT3_A,A_244_V,2gtz_A
3FT3_A,A_244_V,2x4p_A
3FT3_A,A_244_V,4jfo_D
3FT3_A,A_244_V,2gtz_D
3FT3_A,A_244_V,2x4p_D
3FT3_A,A_244_V,5e00_A
3FT3_A,A_244_V,1b0g_A
3FT3_A,A_244_V,4wj5_A
3FT3_A,A_244_V,5tez_A
3FT3_A,A_244_V,1b0g_D
3FT3_A,A_244_V,3o3a_A
3FT3_A,A_244_V,4wj5_D
3FT3_A,A_244_V,5c0b_A
3FT3_A,A_244_V,5isz_A
3FT3_A,A_244_V,6vm7_A
3FT3_A,A_244_V,3fqn_A
3FT3_A,A_244_V,3o3a_D
3FT3_A,A_244_V,5c0b_F
3FT3_A,A_244_V,2gj6_A
3FT3_A,A_244_V,1i4f_A
3FT3_A,A_244_V,2x4q_A
3FT3_A,A_244_V,4k7f_D
3FT3_A,A_244_V,4no5_A
3FT3_A,A_244_V,6vm8_A
3FT3_A,A_244_V,1hhg_A
3FT3_A,A_244_V,2x4q_D
4A84_A,F_29_V,4qip_A
4A84_A,F_29_V,4mns_A
4A84_A,F_29_V,4a80_A
4A84_A,F_29_V,4a81_A
4A84_A,F_29_V,4a83_A
4A84_A,F_29_V,4a85_A
4A84_A,F_29_V,4a86_A
4A84_A,F_29_V,4a8g_A
4A84_A,F_29_V,4a87_A
4A84_A,F_29_V,4a88_A
4QBE_A,T_262_S,8g65_A
4QBE_A,T_262_S,8g69_A
5AF5_A,K_10_R,3ldz_G
7MGR_A,C_144_A,8b0s_A
7N2O_A,C_66_S,7ciq_A
7N2O_A,C_66_S,1jge_A
7N2O_A,C_66_S,7cir_A
7N2O_A,C_66_S,1hsa_A
7N2O_A,C_66_S,5ib1_A
7N2O_A,C_66_S,7dyn_A
7N2O_A,C_66_S,1hsa_D
7N2O_A,C_66_S,3b6s_A
7N2O_A,C_66_S,6vpz_A
7N2O_A,C_66_S,7cis_A
7N2O_A,C_66_S,4g8g_A
7N2O_A,C_66_S,5ib2_A
7N2O_A,C_66_S,6vq2_A
7N2O_A,C_66_S,1w0v_A
7N2O_A,C_66_S,5ib3_A
7N2O_A,C_66_S,3lv3_A
7N2O_A,C_66_S,4g8i_A
7N2O_A,C_66_S,5ib4_A
7N2O_A,C_66_S,6y26_A
7N2O_A,C_66_S,3bp4_A
7N2O_A,C_66_S,6pyj_A
7N2O_A,C_66_S,2a83_A
7N2O_A,C_66_S,6y28_A
7N2O_A,C_66_S,2bst_A
7N2O_A,C_66_S,1ogt_A
7N2O_A,C_66_S,4g9d_A
7N2O_A,C_66_S,3dtx_A
7N2O_A,C_66_S,1uxs_A
7N2O_A,C_66_S,6vqe_A
7N2O_A,C_66_S,6y2a_A
7N2O_A,C_66_S,4g9f_A
7S4F_A,F_181_Q,8g65_A
7S4F_A,F_181_Q,8g69_A
7S6O_A,K_47_R,3ldz_G
7TVS_A,P_131_H,8b0s_A
7U2F_A,G_115_F,3uge_B
7U2F_A,G_115_F,3uge_C
7U2F_A,G_115_F,3uge_D
7U2F_A,G_115_F,1e65_A
7U2F_A,G_115_F,1e65_B
7U2F_A,G_115_F,1e65_C
7U2F_A,G_115_F,4hz1_D
7U2F_A,G_115_F,1e65_D
7U2F_A,G_115_F,1vlx_A
7U2F_A,G_115_F,1e67_A
7U2F_A,G_115_F,1vlx_B
7U2F_A,G_115_F,1e67_B
7U2F_A,G_115_F,1vlx_C
7U2F_A,G_115_F,1e67_C
7U2F_A,G_115_F,1vlx_D
7U2F_A,G_115_F,1e67_D
7U2F_A,G_115_F,4azu_A
7U2F_A,G_115_F,4azu_B
7U2F_A,G_115_F,4azu_C
7U2F_A,G_115_F,4jkn_A
7U2F_A,G_115_F,4azu_D
7U2F_A,G_115_F,4jkn_B
7U2F_A,G_115_F,1jze_A
7U2F_A,G_115_F,4jkn_C
7U2F_A,G_115_F,1jzf_A
7U2F_A,G_115_F,4jkn_D
7U2F_A,G_115_F,1jzg_A
7U2F_A,G_115_F,1jzh_A
7U2F_A,G_115_F,1bex_A
7U2F_A,G_115_F,1jzi_A
7U2F_A,G_115_F,1bex_B
7U2F_A,G_115_F,1e5y_A
7U2F_A,G_115_F,1jzi_B
7U2F_A,G_115_F,1e5y_B
7U2F_A,G_115_F,1jzj_A
7U2F_A,G_115_F,1e5y_C
7U2F_A,G_115_F,1jzj_B
7U2F_A,G_115_F,1e5y_D
7U2F_A,G_115_F,5azu_A
7U2F_A,G_115_F,1e5z_A
7U2F_A,G_115_F,5azu_B
7U2F_A,G_115_F,1e5z_B
7U2F_A,G_115_F,5azu_C
7U2F_A,G_115_F,1e5z_C
7U2F_A,G_115_F,5azu_D
7U2F_A,G_115_F,1e5z_D
7U2F_A,G_115_F,6gyi_C
7U2F_A,G_115_F,3uge_A
7XC9_A,F_45_C,1swm_A
7XC9_A,F_45_C,1mbi_A
7XC9_A,F_45_C,1hjt_A
7XC9_A,F_45_C,1yog_A
7XC9_A,F_45_C,1yoh_A
7XC9_A,F_45_C,1yoi_A
7XC9_A,F_45_C,3e5i_A
7XC9_A,F_45_C,2ekt_A
7XC9_A,F_45_C,3ed9_A
7XC9_A,F_45_C,2eku_A
7XC9_A,F_45_C,3ecl_A
7XC9_A,F_45_C,3eda_A
7XC9_A,F_45_C,1mbn_A
7XC9_A,F_45_C,2mya_A
7XC9_A,F_45_C,3edb_A
7XC9_A,F_45_C,1mbo_A
7XC9_A,F_45_C,1vxa_A
7XC9_A,F_45_C,2cmm_A
7XC9_A,F_45_C,2mb5_A
7XC9_A,F_45_C,2myb_A
7XC9_A,F_45_C,3ecx_A
7XC9_A,F_45_C,1bzp_A
7XC9_A,F_45_C,1vxb_A
7XC9_A,F_45_C,2myc_A
7XC9_A,F_45_C,1vxc_A
7XC9_A,F_45_C,2myd_A
7XC9_A,F_45_C,2zsx_A
7XC9_A,F_45_C,3e4n_A
7XC9_A,F_45_C,3e5o_A
7XC9_A,F_45_C,1ajg_A
7XC9_A,F_45_C,1f6h_A
7XC9_A,F_45_C,1vxd_A
7XC9_A,F_45_C,2mye_A
7XC9_A,F_45_C,2zsn_A
7XC9_A,F_45_C,2zsy_A
7XC9_A,F_45_C,3ecz_A
7XC9_A,F_45_C,1ajh_A
7XC9_A,F_45_C,1bvc_A
7XC9_A,F_45_C,1u7r_A
7XC9_A,F_45_C,1vxe_A
7XC9_A,F_45_C,2zso_A
7XC9_A,F_45_C,2zsz_A
7XC9_A,F_45_C,1bvd_A
7XC9_A,F_45_C,1ebc_A
7XC9_A,F_45_C,1u7s_A
7XC9_A,F_45_C,1vxf_A
7XC9_A,F_45_C,2zsp_A
7XC9_A,F_45_C,2zt0_A
7XC9_A,F_45_C,104m_A
7XC9_A,F_45_C,1iop_A
7XC9_A,F_45_C,1vxg_A
7XC9_A,F_45_C,2zsq_A
7XC9_A,F_45_C,2zt1_A
7XC9_A,F_45_C,3e55_A
7XC9_A,F_45_C,1vxh_A
7XC9_A,F_45_C,2zsr_A
7XC9_A,F_45_C,2zt2_A
7XC9_A,F_45_C,1bz6_A
7XC9_A,F_45_C,2zss_A
7XC9_A,F_45_C,2zt3_A
7XC9_A,F_45_C,2zst_A
7XC9_A,F_45_C,2zt4_A
7XC9_A,F_45_C,5mbn_A
7XC9_A,F_45_C,1bzr_A
7XC9_A,F_45_C,1spe_A
7XC9_A,F_45_C,105m_A
7XC9_A,F_45_C,4mbn_A
7XC9_A,F_45_C,1mbc_A
7XC9_A,F_45_C,1mbd_A
7XC9_A,F_45_C,1cq2_A
7XC9_A,F_45_C,2d6c_A
7XCQ_A,H_63_D,1swm_A
7XCQ_A,H_63_D,1mbi_A
7XCQ_A,H_63_D,1hjt_A
7XCQ_A,H_63_D,1yog_A
7XCQ_A,H_63_D,1yoh_A
7XCQ_A,H_63_D,1yoi_A
7XCQ_A,H_63_D,3e5i_A
7XCQ_A,H_63_D,2ekt_A
7XCQ_A,H_63_D,3ed9_A
7XCQ_A,H_63_D,2eku_A
7XCQ_A,H_63_D,3ecl_A
7XCQ_A,H_63_D,3eda_A
7XCQ_A,H_63_D,1mbn_A
7XCQ_A,H_63_D,2mya_A
7XCQ_A,H_63_D,3edb_A
7XCQ_A,H_63_D,1mbo_A
7XCQ_A,H_63_D,1vxa_A
7XCQ_A,H_63_D,2cmm_A
7XCQ_A,H_63_D,2mb5_A
7XCQ_A,H_63_D,2myb_A
7XCQ_A,H_63_D,3ecx_A
7XCQ_A,H_63_D,1bzp_A
7XCQ_A,H_63_D,1vxb_A
7XCQ_A,H_63_D,2myc_A
7XCQ_A,H_63_D,1vxc_A
7XCQ_A,H_63_D,2myd_A
7XCQ_A,H_63_D,2zsx_A
7XCQ_A,H_63_D,3e4n_A
7XCQ_A,H_63_D,3e5o_A
7XCQ_A,H_63_D,1ajg_A
7XCQ_A,H_63_D,1f6h_A
7XCQ_A,H_63_D,1vxd_A
7XCQ_A,H_63_D,2mye_A
7XCQ_A,H_63_D,2zsn_A
7XCQ_A,H_63_D,2zsy_A
7XCQ_A,H_63_D,3ecz_A
7XCQ_A,H_63_D,1ajh_A
7XCQ_A,H_63_D,1bvc_A
7XCQ_A,H_63_D,1u7r_A
7XCQ_A,H_63_D,1vxe_A
7XCQ_A,H_63_D,2zso_A
7XCQ_A,H_63_D,2zsz_A
7XCQ_A,H_63_D,1bvd_A
7XCQ_A,H_63_D,1ebc_A
7XCQ_A,H_63_D,1u7s_A
7XCQ_A,H_63_D,1vxf_A
7XCQ_A,H_63_D,2zsp_A
7XCQ_A,H_63_D,2zt0_A
7XCQ_A,H_63_D,104m_A
7XCQ_A,H_63_D,1iop_A
7XCQ_A,H_63_D,1vxg_A
7XCQ_A,H_63_D,2zsq_A
7XCQ_A,H_63_D,2zt1_A
7XCQ_A,H_63_D,3e55_A
7XCQ_A,H_63_D,1vxh_A
7XCQ_A,H_63_D,2zsr_A
7XCQ_A,H_63_D,2zt2_A
7XCQ_A,H_63_D,1bz6_A
7XCQ_A,H_63_D,2zss_A
7XCQ_A,H_63_D,2zt3_A
7XCQ_A,H_63_D,2zst_A
7XCQ_A,H_63_D,2zt4_A
7XCQ_A,H_63_D,5mbn_A
7XCQ_A,H_63_D,1bzr_A
7XCQ_A,H_63_D,1spe_A
7XCQ_A,H_63_D,105m_A
7XCQ_A,H_63_D,4mbn_A
7XCQ_A,H_63_D,1mbc_A
7XCQ_A,H_63_D,1mbd_A
7XCQ_A,H_63_D,1cq2_A
7XCQ_A,H_63_D,2d6c_A
7ZDR_C,H_84_A,7zdk_C
7ZDR_C,H_84_A,7zdf_C
7ZDW_C,E_499_Q,7zdk_C
7ZDW_C,E_499_Q,7zdf_C
8CX4_A,C_66_S,7ciq_A
8CX4_A,C_66_S,1jge_A
8CX4_A,C_66_S,7cir_A
8CX4_A,C_66_S,1hsa_A
8CX4_A,C_66_S,5ib1_A
8CX4_A,C_66_S,7dyn_A
8CX4_A,C_66_S,1hsa_D
8CX4_A,C_66_S,3b6s_A
8CX4_A,C_66_S,6vpz_A
8CX4_A,C_66_S,7cis_A
8CX4_A,C_66_S,4g8g_A
8CX4_A,C_66_S,5ib2_A
8CX4_A,C_66_S,6vq2_A
8CX4_A,C_66_S,1w0v_A
8CX4_A,C_66_S,5ib3_A
8CX4_A,C_66_S,3lv3_A
8CX4_A,C_66_S,4g8i_A
8CX4_A,C_66_S,5ib4_A
8CX4_A,C_66_S,6y26_A
8CX4_A,C_66_S,3bp4_A
8CX4_A,C_66_S,6pyj_A
8CX4_A,C_66_S,2a83_A
8CX4_A,C_66_S,6y28_A
8CX4_A,C_66_S,2bst_A
8CX4_A,C_66_S,1ogt_A
8CX4_A,C_66_S,4g9d_A
8CX4_A,C_66_S,3dtx_A
8CX4_A,C_66_S,1uxs_A
8CX4_A,C_66_S,6vqe_A
8CX4_A,C_66_S,6y2a_A
8CX4_A,C_66_S,4g9f_A
8DFE_A,S_143_L,8b0s_A
8DI3_A,P_131_H,7jt7_A
8DI3_A,P_131_H,7khp_A
8DI3_A,P_131_H,6m2n_A
8DI3_A,P_131_H,7k40_A
8DI3_A,P_131_H,6wtk_A
8DI3_A,P_131_H,7r7h_A
8DI3_A,P_131_H,7vjz_A
8DI3_A,P_131_H,6wtm_A
8DI3_A,P_131_H,7ng3_B
8DI3_A,P_131_H,7rfs_A
8DI3_A,P_131_H,8dz0_B
8DI3_A,P_131_H,7ans_A
8DI3_A,P_131_H,7dpu_B
8DI3_A,P_131_H,7jyc_A
8DI3_A,P_131_H,7avd_A
8DI3_A,P_131_H,7vk2_A
8DI3_A,P_131_H,6lu7_A
8DI3_A,P_131_H,7mhf_A
8DI3_A,P_131_H,6y2e_A
8DI3_A,P_131_H,7jun_A
8DI3_A,P_131_H,7jw8_A
8DI3_A,P_131_H,7nuk_B
8DI3_A,P_131_H,7ltn_A
8DI3_A,P_131_H,7mng_A
8DI3_A,P_131_H,7sgh_B
8DI3_A,P_131_H,6xqs_A
8DI3_A,P_131_H,7aqe_A
8DI3_A,P_131_H,7dgh_A
8DI3_A,P_131_H,6xqt_A
8DI3_A,P_131_H,7dgi_A
8DI3_A,P_131_H,7jw8_D
8DI3_A,P_131_H,6xqt_B
8DI3_A,P_131_H,7dgi_B
8DI3_A,P_131_H,6xqu_A
8DI3_A,P_131_H,7ukk_A
8DI3_A,P_131_H,7mrr_A
8DI3_A,P_131_H,7nxh_A
8DI3_A,P_131_H,7tfr_A
8DI3_A,P_131_H,6m03_A
8DI3_A,P_131_H,7xar_A
8DI3_A,P_131_H,8dmd_A
8DI3_A,P_131_H,8okk_B
8DI3_A,P_131_H,6wnp_A
8DI3_A,P_131_H,7kph_A
8DI3_A,P_131_H,7xar_B
8DI3_A,P_131_H,6xb2_A
8DI3_A,P_131_H,8okl_B
8DI3_A,P_131_H,7buy_A
8DI3_A,P_131_H,8okn_B
8DI3_A,P_131_H,7aqi_A
8DI3_A,P_131_H,8a4q_A
8DI3_A,P_131_H,7e5x_A
8DI3_A,P_131_H,7rmt_A
8DI3_A,P_131_H,6wqf_A
8DI3_A,P_131_H,7e5x_B
8DI3_A,P_131_H,7ntt_A
8DI3_A,P_131_H,7s4b_A
8DI3_A,P_131_H,7e5x_C
8DI3_A,P_131_H,7ntt_B
8DI3_A,P_131_H,7e5x_D
8DI3_A,P_131_H,8dl9_A
8DI3_A,P_131_H,8dlb_A
8DKJ_A,K_89_R,7jt7_A
8DKJ_A,K_89_R,7khp_A
8DKJ_A,K_89_R,6m2n_A
8DKJ_A,K_89_R,7k40_A
8DKJ_A,K_89_R,6wtk_A
8DKJ_A,K_89_R,7r7h_A
8DKJ_A,K_89_R,7vjz_A
8DKJ_A,K_89_R,6wtm_A
8DKJ_A,K_89_R,7ng3_B
8DKJ_A,K_89_R,7rfs_A
8DKJ_A,K_89_R,8dz0_B
8DKJ_A,K_89_R,7ans_A
8DKJ_A,K_89_R,7dpu_B
8DKJ_A,K_89_R,7jyc_A
8DKJ_A,K_89_R,7avd_A
8DKJ_A,K_89_R,7vk2_A
8DKJ_A,K_89_R,6lu7_A
8DKJ_A,K_89_R,7mhf_A
8DKJ_A,K_89_R,6y2e_A
8DKJ_A,K_89_R,7jun_A
8DKJ_A,K_89_R,7jw8_A
8DKJ_A,K_89_R,7nuk_B
8DKJ_A,K_89_R,7ltn_A
8DKJ_A,K_89_R,7mng_A
8DKJ_A,K_89_R,7sgh_B
8DKJ_A,K_89_R,6xqs_A
8DKJ_A,K_89_R,7aqe_A
8DKJ_A,K_89_R,7dgh_A
8DKJ_A,K_89_R,6xqt_A
8DKJ_A,K_89_R,7dgi_A
8DKJ_A,K_89_R,7jw8_D
8DKJ_A,K_89_R,6xqt_B
8DKJ_A,K_89_R,7dgi_B
8DKJ_A,K_89_R,6xqu_A
8DKJ_A,K_89_R,7ukk_A
8DKJ_A,K_89_R,7mrr_A
8DKJ_A,K_89_R,7nxh_A
8DKJ_A,K_89_R,7tfr_A
8DKJ_A,K_89_R,6m03_A
8DKJ_A,K_89_R,7xar_A
8DKJ_A,K_89_R,8dmd_A
8DKJ_A,K_89_R,8okk_B
8DKJ_A,K_89_R,6wnp_A
8DKJ_A,K_89_R,7kph_A
8DKJ_A,K_89_R,7xar_B
8DKJ_A,K_89_R,6xb2_A
8DKJ_A,K_89_R,8okl_B
8DKJ_A,K_89_R,7buy_A
8DKJ_A,K_89_R,8okn_B
8DKJ_A,K_89_R,7aqi_A
8DKJ_A,K_89_R,8a4q_A
8DKJ_A,K_89_R,7e5x_A
8DKJ_A,K_89_R,7rmt_A
8DKJ_A,K_89_R,6wqf_A
8DKJ_A,K_89_R,7e5x_B
8DKJ_A,K_89_R,7ntt_A
8DKJ_A,K_89_R,7s4b_A
8DKJ_A,K_89_R,7e5x_C
8DKJ_A,K_89_R,7ntt_B
8DKJ_A,K_89_R,7e5x_D
8DKJ_A,K_89_R,8dl9_A
8DKJ_A,K_89_R,8dlb_A
8E7O_D,K_47_R,4ddg_G
8E7O_D,K_47_R,3hm3_A
8E7O_D,K_47_R,5jbv_A
8E7O_D,K_47_R,6e2b_C
8E7O_D,K_47_R,8grm_O
8E7O_D,K_47_R,3a33_B
8E7O_D,K_47_R,3n30_A
8E7O_D,K_47_R,4bvu_C
8E7O_D,K_47_R,4ddg_I
8E7O_D,K_47_R,3hm3_C
8E7O_D,K_47_R,5bz0_B
8E7O_D,K_47_R,5j8p_A
8E7O_D,K_47_R,5tut_B
8E7O_D,K_47_R,6e2b_G
8E7O_D,K_47_R,3vuy_C
8E7O_D,K_47_R,4ddg_N
8E7O_D,K_47_R,5vnz_C
8E7O_D,K_47_R,7m4m_C
8E7O_D,K_47_R,7npi_b
8E7O_D,K_47_R,1ubi_A
8E7O_D,K_47_R,6e2b_P
8E7O_D,K_47_R,4ddg_P
8E7O_D,K_47_R,4s22_B
8E7O_D,K_47_R,6txb_D
8E7O_D,K_47_R,6vae_C
8E7O_D,K_47_R,7bbd_D
8E7O_D,K_47_R,7npi_d
8E7O_D,K_47_R,1f9j_A
8E7O_D,K_47_R,5god_B
8E7O_D,K_47_R,6ftx_O
8E7O_D,K_47_R,2jf5_B
8E7O_D,K_47_R,4ddg_R
8E7O_D,K_47_R,4s22_D
8E7O_D,K_47_R,5fer_C
8E7O_D,K_47_R,5kyd_D
8E7O_D,K_47_R,7m4n_C
8E7O_D,K_47_R,7npi_g
8E7O_D,K_47_R,7uv5_B
8E7O_D,K_47_R,8cah_k
8E7O_D,K_47_R,2g45_B
8E7O_D,K_47_R,4bos_C
8E7O_D,K_47_R,5fer_F
8E7O_D,K_47_R,5jtv_B
8E7O_D,K_47_R,5txk_B
8E7O_D,K_47_R,7m4n_D
8E7O_D,K_47_R,7npi_h
8E7O_D,K_47_R,2g45_E
8E7O_D,K_47_R,5d0k_B
8E7O_D,K_47_R,5jtv_D
8E7O_D,K_47_R,5vo0_C
8E7O_D,K_47_R,6s53_F
8E7O_D,K_47_R,7m4n_E
8E7O_D,K_47_R,8eaz_E
8E7O_D,K_47_R,8ic9_B
8E7O_D,K_47_R,2o6v_C
8E7O_D,K_47_R,5d0k_E
8E7O_D,K_47_R,5jtv_F
8E7O_D,K_47_R,5mn9_B
8E7O_D,K_47_R,5vo0_F
8E7O_D,K_47_R,6b7m_B
8E7O_D,K_47_R,6s53_D
8E7O_D,K_47_R,7m4n_F
8E7O_D,K_47_R,7npi_j
8E7O_D,K_47_R,8eaz_F
8E7O_D,K_47_R,8ic9_D
8E7O_D,K_47_R,4ldt_D
8E7O_D,K_47_R,5d0k_H
8E7O_D,K_47_R,5jtv_H
8E7O_D,K_47_R,5kye_D
8E7O_D,K_47_R,6b7m_C
8E7O_D,K_47_R,6s53_L
8E7O_D,K_47_R,6vaf_D
8E7O_D,K_47_R,7f0u_C
8E7O_D,K_47_R,2o6v_G
8E7O_D,K_47_R,5d0k_K
8E7O_D,K_47_R,5kye_C
8E7O_D,K_47_R,6s53_J
8E7O_D,K_47_R,7f0u_D
8E7O_D,K_47_R,7m4o_B
8E7O_D,K_47_R,7npi_m
8E7O_D,K_47_R,7xd0_L
8E7O_D,K_47_R,8eaz_H
8E7O_D,K_47_R,4ddi_D
8E7O_D,K_47_R,7m4o_C
8E7O_D,K_47_R,7xd0_K
8E7O_D,K_47_R,1wrd_B
8E7O_D,K_47_R,4ddi_E
8E7O_D,K_47_R,5jtj_B
8E7O_D,K_47_R,5kyf_C
8E7O_D,K_47_R,2xew_A
8E7O_D,K_47_R,4ddi_F
8E7O_D,K_47_R,5d0m_B
8E7O_D,K_47_R,7bbf_C
8E7O_D,K_47_R,7npi_p
8E7O_D,K_47_R,8eb0_C
8E7O_D,K_47_R,2xew_B
8E7O_D,K_47_R,4ddi_G
8E7O_D,K_47_R,6b7o_B
8E7O_D,K_47_R,4ddi_H
8E7O_D,K_47_R,6b7o_C
8E7O_D,K_47_R,2mj5_A
8E7O_D,K_47_R,2xew_D
8E7O_D,K_47_R,4ddi_I
8E7O_D,K_47_R,7cap_A
8E7O_D,K_47_R,2xew_E
8E7O_D,K_47_R,6wtg_D
8E7O_D,K_47_R,7cap_B
8EET_A,M_65_A,5mcy_B
8EET_A,M_65_A,5up4_N
8EET_A,M_65_A,5upw_F
8EET_A,M_65_A,5mcy_F
8EET_A,M_65_A,5up4_O
8EET_A,M_65_A,5mcy_R
8EET_A,M_65_A,5up4_P
8EET_A,M_65_A,5mcy_S
8EET_A,M_65_A,5up4_Q
8EET_A,M_65_A,5mcy_T
8EET_A,M_65_A,5up4_R
8EET_A,M_65_A,5mcy_Q
8EET_A,M_65_A,5up4_C
8EET_A,M_65_A,5mcx_A
8EET_A,M_65_A,5mcy_N
8EET_A,M_65_A,5up4_E
8EET_A,M_65_A,5mcx_C
8EET_A,M_65_A,5mcx_D
8EET_A,M_65_A,5mcx_E
8EET_A,M_65_A,5mcx_F
8EET_A,M_65_A,5mcx_I
8EET_A,M_65_A,5mcx_J
8EET_A,M_65_A,5mcx_K
8EET_A,M_65_A,5mcx_U
8EET_A,M_65_A,5mcx_V
8EET_A,M_65_A,5mcx_W
8EET_A,M_65_A,5mcx_Z
8EET_A,M_65_A,5mcx_b
8EET_A,M_65_A,5mcx_R
8EET_A,M_65_A,5mcx_c
8EET_A,M_65_A,5mcx_G
8EET_A,M_65_A,5mcx_S
8EET_A,M_65_A,5mcx_L
8EET_A,M_65_A,5mcx_N
8EET_A,M_65_A,5mcx_P
8EET_A,M_65_A,5upw_A
8EET_A,M_65_A,5mcx_O
8EET_A,M_65_A,5up4_B
8EET_A,M_65_A,5upw_B
8EET_A,M_65_A,5mcx_Q
8EET_A,M_65_A,5up4_K
8EET_A,M_65_A,5upw_C
8EET_A,M_65_A,5mcx_Y
8EET_A,M_65_A,5up4_L
8EET_A,M_65_A,5upw_D
8EET_A,M_65_A,5mcy_A
8EET_A,M_65_A,5up4_M
8EET_A,M_65_A,5upw_E
8EHL_A,S_143_M,8b0s_A
8EJ9_A,E_46_N,7jt7_A
8EJ9_A,E_46_N,7khp_A
8EJ9_A,E_46_N,6m2n_A
8EJ9_A,E_46_N,7k40_A
8EJ9_A,E_46_N,6wtk_A
8EJ9_A,E_46_N,7r7h_A
8EJ9_A,E_46_N,7vjz_A
8EJ9_A,E_46_N,6wtm_A
8EJ9_A,E_46_N,7ng3_B
8EJ9_A,E_46_N,7rfs_A
8EJ9_A,E_46_N,8dz0_B
8EJ9_A,E_46_N,7ans_A
8EJ9_A,E_46_N,7dpu_B
8EJ9_A,E_46_N,7jyc_A
8EJ9_A,E_46_N,7avd_A
8EJ9_A,E_46_N,7vk2_A
8EJ9_A,E_46_N,6lu7_A
8EJ9_A,E_46_N,7mhf_A
8EJ9_A,E_46_N,6y2e_A
8EJ9_A,E_46_N,7jun_A
8EJ9_A,E_46_N,7jw8_A
8EJ9_A,E_46_N,7nuk_B
8EJ9_A,E_46_N,7ltn_A
8EJ9_A,E_46_N,7mng_A
8EJ9_A,E_46_N,7sgh_B
8EJ9_A,E_46_N,6xqs_A
8EJ9_A,E_46_N,7aqe_A
8EJ9_A,E_46_N,7dgh_A
8EJ9_A,E_46_N,6xqt_A
8EJ9_A,E_46_N,7dgi_A
8EJ9_A,E_46_N,7jw8_D
8EJ9_A,E_46_N,6xqt_B
8EJ9_A,E_46_N,7dgi_B
8EJ9_A,E_46_N,6xqu_A
8EJ9_A,E_46_N,7ukk_A
8EJ9_A,E_46_N,7mrr_A
8EJ9_A,E_46_N,7nxh_A
8EJ9_A,E_46_N,7tfr_A
8EJ9_A,E_46_N,6m03_A
8EJ9_A,E_46_N,7xar_A
8EJ9_A,E_46_N,8dmd_A
8EJ9_A,E_46_N,8okk_B
8EJ9_A,E_46_N,6wnp_A
8EJ9_A,E_46_N,7kph_A
8EJ9_A,E_46_N,7xar_B
8EJ9_A,E_46_N,6xb2_A
8EJ9_A,E_46_N,8okl_B
8EJ9_A,E_46_N,7buy_A
8EJ9_A,E_46_N,8okn_B
8EJ9_A,E_46_N,7aqi_A
8EJ9_A,E_46_N,8a4q_A
8EJ9_A,E_46_N,7e5x_A
8EJ9_A,E_46_N,7rmt_A
8EJ9_A,E_46_N,6wqf_A
8EJ9_A,E_46_N,7e5x_B
8EJ9_A,E_46_N,7ntt_A
8EJ9_A,E_46_N,7s4b_A
8EJ9_A,E_46_N,7e5x_C
8EJ9_A,E_46_N,7ntt_B
8EJ9_A,E_46_N,7e5x_D
8EJ9_A,E_46_N,8dl9_A
8EJ9_A,E_46_N,8dlb_A
8I77_A,A_114_V,1hrs_A
8I77_A,A_114_V,1ier_A
8I77_A,A_114_V,1ies_A
8I77_A,A_114_V,1ies_B
8I77_A,A_114_V,1ies_C
8I77_A,A_114_V,1ies_D
8I77_A,A_114_V,1ies_E
8I77_A,A_114_V,1ies_F
8I77_A,A_114_V,8i6l_A
8I81_A,A_114_G,1hrs_A
8I81_A,A_114_G,1ier_A
8I81_A,A_114_G,1ies_A
8I81_A,A_114_G,1ies_B
8I81_A,A_114_G,1ies_C
8I81_A,A_114_G,1ies_D
8I81_A,A_114_G,1ies_E
8I81_A,A_114_G,1ies_F
8I81_A,A_114_G,8i6l_A
8J0U_A,A_114_T,1hrs_A
8J0U_A,A_114_T,1ier_A
8J0U_A,A_114_T,1ies_A
8J0U_A,A_114_T,1ies_B
8J0U_A,A_114_T,1ies_C
8J0U_A,A_114_T,1ies_D
8J0U_A,A_114_T,1ies_E
8J0U_A,A_114_T,1ies_F
8J0U_A,A_114_T,8i6l_A
